00001740-a	quality	able: (usually followed by `to') having the necessary means or skill or know-how or authority to do something; "able to swim"; "she was able to program her computer"; "we were at last able to buy a car"; "able to get a grant for the project"
00001740-n	factotum	entity: that which is perceived or known or inferred to have its own distinct existence (living or nonliving)
00001740-r	factotum	a cappella: without musical accompaniment; "they performed a cappella"
00001740-v	medicine	breathe, respire, suspire, take a breath: draw air into, and expel out of, the lungs; "I can breathe better when the air is clean"; "The patient is respiring"
00002452-n	factotum	thing: a separate and self-contained entity
00003380-r	factotum	annoyingly: in an annoying manner or to an annoying degree
00028424-r	factotum	however: in whatever way or manner; "Victory, however it was brought about, was sweet"; "however he did it, it was very clever"
00036762-r	factotum	as such, in and of itself, intrinsically, per se: with respect to its inherent nature; "this statement is interesting per se"
00050037-n	military	enrollment, enrolment, registration: the act of enrolling
00066977-v	biology	tear: fill with tears or shed tears; "Her eyes were tearing"
00076681-r	factotum	aurally: with regard to sound or the ear; "the new musical was visually and aurally appealing"
00090386-v	factotum	shock: subject to electrical shocks
00093327-v	biology	fall back, lapse, recidivate, regress, relapse, retrogress: go back to bad behavior; "Those who recidivate are often minor criminals"
00099951-n	baseball	conjuration, conjuring trick, deception, illusion, legerdemain, magic, magic trick, thaumaturgy, trick: an illusory feat; considered magical by naive observers
00105023-a	factotum	ambitionless, unambitious: having little desire for success or achievement
00106726-n	factotum	ringer: (horseshoes) the successful throw of a horseshoe or quoit so as to encircle a stake or peg
00117106-a	psychoanalysis	unresentful: not resentful; "completely unresentful and forgiving"
00159373-r	factotum	for all the world, for any price, for anything, for love or money: under any circumstances; "she wouldn't give up her pets for love or money"
00169522-n	factotum	vertical bank: a bank so steep that the plane's lateral axis approaches the vertical
00170340-n	politics	roll: a flight maneuver; aircraft rotates about its longitudinal axis without changing direction or losing altitude
00184511-v	factotum	put on: add to something existing; "She put on a sun room"
00187617-r	quality	extravagantly, lavishly, richly: in a rich and lavish manner; "lavishly decorated"
00206998-v	factotum	help: improve; change for the better; "New slipcovers will help the old living room furniture"
00208773-r	factotum	helplessly, impotently, unable to help: in a helpless manner; "the crowd watched him helplessly"
00215048-r	factotum	boringly, tediously, tiresomely: in a tedious manner; "boringly slow work"; "he plodded tediously forward"
00215363-v	buildings	spin-dry: dry (clothes) by spinning and making use of centrifugal forces
00244043-r	factotum	north, northerly, northward, northwards: in a northern direction; "they earn more up north"; "Let's go north!"
00279398-r	factotum	blasphemously: in a blasphemous manner; "the sailors were cursing blasphemously"
00280930-v	factotum	lighten, lighten up: become lighter; "The room lightened up"
00286605-v	industry	stain: produce or leave stains; "Red wine stains the table cloth"
00286756-n	free_time transport	hitch, hobble, limp: the uneven manner of walking that results from an injured leg
00299161-r	factotum	dejectedly, in low spirits: in a dejected manner; "when she came back Sophie and Esther were sitting dejectedly in the kitchen"
00304173-r	quality	daintily: in a refined manner; "she nibbled daintily at her cake"
00324056-n	music	blood transfusion, transfusion: the introduction of blood or blood plasma into a vein or artery
00325975-n	factotum	alpinism: mountain climbing (not restricted to the Alps)
00340192-n	factotum	overtaking, passing: going by something that is moving in order to get in front of it; "she drove but well but her reckless passing of every car on the road frightened me"
00361566-r	factotum	idiotically: in an idiotic manner; "what arouses the indignation of the honest satirist is not the fact that people in positions of power or influence behave idiotically"
00381601-v	music	metamorphose, transform, transmute: change in outward structure or looks; "He transformed into a monster"; "The salesman metamorphosed into an ugly beetle"
00394813-v	factotum	blend, coalesce, combine, commingle, conflate, flux, fuse, immix, meld, merge, mix: mix together different elements; "The colors blend well"
00403513-r	factotum	moodily: in a moody manner; "in the bar, a youngish, sharp-eyed man was staring moodily into a gin and tonic"
00429642-v	physics	spill: reduce the pressure of wind on (a sail)
00450753-r	religion	shabbily: in a mean and ungenerous manner; "the two were haggling shabbily in the drawing-room"
00454251-v	factotum	perfuse, suffuse: cause to spread or flush or flood through, over, or across; "The sky was suffused with a warm pink color"
00475094-r	factotum	telescopically: in a telescopic manner; "each of the four legs contains a simple screw jack with a thrust bearing that is operated telescopically inside of two tubes"
00476528-r	factotum	thermostatically: by thermostat; in a thermostatic manner; "the temperature is thermostatically controlled"
00479060-v	factotum	drown: kill by submerging in water; "He drowned the kittens"
00486605-r	factotum	under: into unconsciousness; "this will put the patient under"
00514272-r	factotum	judicially: as ordered by a court
00535061-v	factotum	encrimson: make crimson
00572285-n	factotum	draw, hook, hooking: a golf shot that curves to the left for a right-handed golfer; "he took lessons to cure his hooking"
00584160-n	factotum	lifework: the principal work of your career
00600235-v	factotum	audit: attend academic courses without getting credit
00616670-v	factotum	attend to, take to heart: get down to; pay attention to; take seriously; "Attend to your duties, please"
00622581-a	banking	incorrupt: free of corruption or immorality; "a policeman who was incorrupt and incorruptible"
00668736-n	medicine	craniotomy: a surgical opening through the skull
00684988-n	football	microsurgery: surgery using operating microscopes and miniaturized precision instruments to perform intricate procedures on very small structures
00708376-v	factotum	scheme: devise a system or form a scheme for
00729109-v	factotum	follow, trace: follow, discover, or ascertain the course of development of something; "We must follow closely the economic development is Cuba" ; "trace the student's progress"
00742314-n	factotum	malpractice: professional wrongdoing that results in injury or damage; "the widow sued his surgeon for malpractice"
00809453-v	factotum	interview: go for an interview in the hope of being hired; "The job candidate interviewed everywhere"
00858377-n	buildings	catnap, cat sleep, forty winks, nap, short sleep, snooze: sleeping for a short period of time (usually not in bed)
00886582-n	surgery	athletics: participation in sports events as an extracurricular activity
00902757-n	factotum	fmri, functional magnetic resonance imaging: a form of magnetic resonance imaging of the brain that registers blood flow to functioning areas of the brain
00920125-v	linguistics	sequence: determine the order of constituents in; "They sequenced the human genome"
00941855-v	telecommunication	get off: deliver verbally; "He got off the best line I've heard in a long time"
00946105-v	factotum	enumerate, itemise, itemize, recite: specify individually; "She enumerated the many obstacles she had encountered"; "The doctor recited the list of possible side effects of the drug"
00965871-v	factotum	announce, declare: announce publicly or officially; "The President declared war"
00975036-v	telecommunication	call: utter a characteristic note or cry; "bluejays called to one another"
01014362-v	factotum	drive home, press home, ram home: make clear by special emphasis and try to convince somebody of something; "drive home a point or an argument"; "I'm trying to drive home these basic ideas"
01046059-v	factotum	howl, roar: make a loud noise, as of wind, water, or vehicles; "The wind was howling in the trees"; "The water roared down the chute"
01076370-v	baseball	quarterback: play the quarterback
01078086-n	factotum	disqualification: the act of preventing someone from participating by finding them unqualified
01100145-v	factotum	win: be the winner in a contest or competition; be victorious; "He won the Gold Medal in skating"; "Our home team won"; "Win the game"
01147950-n	politics	curtailment, suppression: the act of withholding or withdrawing some book or writing from publication or circulation; "a suppression of the newspaper"
01164730-n	factotum	auto-da-fe: the burning to death of heretics (as during the Spanish Inquisition)
01165898-v	gastronomy	overextend, overstrain: strain excessively; "He overextended himself when he accepted the additional assignment"
01200266-n	history military	competence hearing: a hearing to determine legal capacity (to determine whether the defendant can understand the charges and cooperate with a lawyer in preparing a defense)
01252425-v	factotum	smear: stain by smearing or daubing with a dirty substance
01256600-v	factotum	carve, chip at: engrave or cut by chipping away at a surface; "carve one's name into the bark"
01284444-n	biology	battle of little bighorn, battle of the little bighorn, custer's last stand, little bighorn: a battle in Montana near the Little Bighorn River between United States cavalry under Custer and several groups of Native Americans (1876); Custer was pursuing Sioux led by Sitting Bull; Custer underestimated the size of the Sioux forces (which were supported by Cheyenne warriors) and was killed along with all his command
01290997-n	factotum	battle of the philippine sea, philippine sea: a naval battle in World War II (1944); a decisive naval victory for the United States fleet over the Japanese who were trying to block supplies from reaching American troops on Leyte
01298162-n	factotum	tsushima: a naval battle in the Russo-Japanese War (1905); the Japanese fleet defeated the Russian fleet in the Korean Strait
01307299-n	biology	punic war: one of the three wars between Carthage and Rome that resulted in the destruction of Carthage and its annexation by Rome; 264-241 BC, 218-201 BC, 149-146 BC
01323518-v	factotum	lapidate, stone: kill by throwing stones at; "People wanted to stone the woman who had a child out of wedlock"
01368973-n	animals biology	salmonella: rod-shaped Gram-negative enterobacteria; cause typhoid fever and food poisoning; can be used as a bioweapon
01403713-n	animals biology	sea tang, tang: any of various coarse seaweeds
01424353-a	factotum	unliveried: not wearing livery; "an unliveried chauffeur"
01424456-v	factotum	bosom, embrace, hug, squeeze: squeeze (someone) tightly in your arms, usually with fondness; "Hug me, please"; "They embraced"; "He hugged her close to him"
01440949-n	animals biology	genus leuciscus, leuciscus: a genus of fish including: dace, chub
01460712-v	factotum	resift: sift anew
01488555-v	factotum	overcharge, overload, surcharge: place too much a load on; "don't overload the car"
01501777-n	animals biology	little skate, raja erinacea: most plentiful skate in North American inshore waters in summer; to 21 inches
01524298-v	plants	chock up, cram, jam, jampack, ram, wad: crowd or pack to capacity; "the theater was jampacked"
01531178-n	animals biology	carduelis carduelis, goldfinch: small European finch having a crimson face and yellow-and-black wings
01535742-v	factotum	wash out: wash free from unwanted substances, such as dirt; "Wash out your dirty shirt in the sink"
01540844-v	factotum	take in, take up: accept; "The cloth takes up the liquid"
01562116-n	animals biology	erithacus, genus erithacus: Old World thrushes
01572728-v	factotum	strain, tense: become stretched or tense or taut; "the bodybuilder's neck muscles tensed;" "the rope strained when the weight was attached"
01573143-v	factotum	clinch: hold a boxing opponent with one or both arms so as to prevent punches
01647543-v	drawing painting	fix: set or place definitely; "Let's fix the date for the party!"
01655577-n	animals	labyrinthodonta, labyrinthodontia, superorder labyrinthodonta, superorder labyrinthodontia: extinct amphibians typically resembling heavy-bodied salamanders or crocodiles and having a solid flattened skull and conical teeth; Devonian through Triassic
01684337-v	factotum	sculpt, sculpture: create by shaping stone or wood or any other hard material; "sculpt a swan out of a block of ice"
01711336-v	psychological_features	stage direct: direct for the stage
01739871-n	animals	sonoran lyre snake, trimorphodon lambda: of desert regions of southwestern North America
01746727-n	animals biology	asian coral snake: of India
01758895-n	animals biology	carrion: the dead and rotting body of an animal; unfit for human food
01773319-n	animals biology	aranea, araneus, genus aranea, genus araneus: a genus of orb-weaving spiders including common garden spiders and barn spiders
01785242-v	factotum	die: languish as with love or desire; "She dying for a cigarette"; "I was dying to leave"
01819554-v	factotum	intimidate, restrain: to compel or deter by or as if by threats
01845105-v	animals	stooge: cruise in slow or routine flights
01851038-n	animals biology	aythya ferina, pochard: heavy-bodied Old World diving duck having a grey-and-black body and reddish head
01876735-v	factotum	cradle: hold or place in or as if in a cradle; "He cradled the infant in his arms"
01881957-v	sport	tramp: cross on foot; "We had to tramp the creeks"
01884383-v	factotum	buck, hitch, jerk: jump vertically, with legs stiff and back arched; "the yung filly bucked"
01887576-v	factotum	glide: move smoothly and effortlessly
01956924-n	animals biology	myaceae, order myaceae: clams
01998741-n	animals biology	acorn barnacle, balanus balanoides, rock barnacle: barnacle that attaches to rocks especially in intertidal zones
01999218-v	vehicles	lead, precede: move ahead (of others) in time or space
02011865-v	factotum	derail, jump: run off or leave the rails; "the train derailed because a cow was standing on the tracks"
02019566-n	animals hunting	family turnicidae, turnicidae: small Old World birds resembling but not related to true quail
02055280-n	animals biology	order sphenisciformes, sphenisciformes: penguins
02059852-n	animals biology	giant fulmar, giant petrel, macronectes giganteus: large brownish petrel chiefly of Antarctic seas
02084879-v	factotum	gutter: flow in small streams; "Tears guttered down her face"
02125223-v	factotum	nose, scent, wind: catch the scent of; get wind of; "The dog nosed out the drugs"
02182220-n	animals biology	bruchus, genus bruchus: type genus of the Bruchidae
02193194-v	geometry	discern, distinguish, make out, pick out, recognise, recognize, spot, tell apart: detect with the senses; "The fleeing convicts were picked out of the darkness by the watchful prison guards"; "I can't make out the faces in this photograph"
02207647-n	animals biology	soldier: a wingless sterile ant or termite having a large head and powerful jaws adapted for defending the colony
02221010-v	commerce economy	alien, alienate: transfer property or ownership; "The will aliened the property to the heirs"
02221178-v	economy	negociate: transfer by endorsement to another in return for value received; "negociate a bond"
02225577-n	animals	cryptotermes, genus cryptotermes: genus of dry wood termites; cosmopolitan in distribution; sometimes considered a subgenus of Kalotermes
02240674-v	law money politics tax	bid: make a serious effort to attain something; "His campaign bid for the attention of the poor population"
02242256-v	factotum	black market, run: deal in illegally, such as arms or liquor
02254495-v	factotum	liquidate: settle the affairs of by determining the debts and applying the assets to pay them off; "liquidate a company"
02276202-v	factotum	derequisition: release from government control
02312014-v	administration school	divert, hive off: withdraw (money) and move into a different location, often secretly and with dishonest intentions
02353088-v	factotum	snag: get by acting quickly and smartly; "snag a bargain"
02353707-a	factotum	aided, assisted: having help; often used as a combining form
02354470-n	animals	genus thomomys, thomomys: western pocket gophers
02360702-v	factotum	reflectorise, reflectorize: provide with reflectors, such as chemicals; "the driveway was reflectorized for safety reasons"
02369680-n	animals biology	naked mole rat: fetal-looking colonial rodent of East Africa; neither mole nor rat; they feed on tubers and have a social structure similar to that of honeybees and termites
02381261-n	animals biology	dun: horse of a dull brownish grey color
02409038-n	biology	anoa, anoa depressicornis, dwarf buffalo: small buffalo of the Celebes having small straight horns
02430559-n	animals	stag: adult male deer
02436349-v	factotum	care, deal, handle, manage: be in charge of, act on, or dispose of; "I can deal with this crew of workers"; "This blender can't handle nuts"; "She managed her parents' affairs after they got too old"
02447021-n	animals biology	little spotted skunk, spilogale putorius, spotted skunk: small skunk with a marbled black and white coat; of United States and Mexico
02460009-n	animals	anteater, new world anteater: any of several tropical American mammals of the family Myrmecophagidae which lack teeth and feed on ants and termites
02504323-n	animals biology	genus loxodonta, loxodonta: a genus of Elephantidae
02511510-n	animals biology	peristome: region around the mouth in various invertebrates
02548522-n	animals biology	batrachoididae, family batrachoididae: toadfishes; related to anglers and batfishes
02577061-a	person	secular, temporal, worldly: characteristic of or devoted to the temporal world as opposed to the spiritual world; "worldly goods and advancement"; "temporal possessions of the church"
02586371-v	factotum	get at: influence by corruption
02589913-a	politics	zonal: associated with or divided into zones; "a zonal pattern of cell structure"; "zonal division"
02608823-v	factotum	begin, start: have a beginning characterized in some specified way; "The novel begins with a murder"; "My property begins with the three maple trees"; "Her day begins with a workout"; "The semester begins with a convocation ceremony"
02616236-v	factotum	eke out: live from day to day, as with some hardship; "He eked out his years in great poverty"
02625521-v	factotum	bead: form into beads, as of water or sweat, for example
02644407-a	factotum	ascitic: of or relating to or resulting from an abnormal accumulation of protein and electrolyte rich fluid in the peritoneal cavity
02662142-a	factotum	benzylic: relating to benzyl
02671613-v	factotum	act as: function as or act like; "This heap of stones will act as a barrier"
02679468-a	factotum	carbonyl, carbonylic: relating to or containing the carbonyl group
02687916-v	factotum	continue, cover, extend: span an interval of distance, space or time; "The war extended over five years"; "The period covered the turn of the century"; "My land extends over the hills on the horizon"; "This farm covers some 200 acres"; "The Archipelago continues for another 500 miles"
02704792-n	basketball buildings	amphibian, amphibious vehicle: a flat-bottomed motor vehicle that can travel on land or water
02708020-a	animals	curricular: of or relating to an academic course of study
02722501-a	literature religion	erythropoietic: of or relating to the formation of red blood cells
02726151-a	psychology	fenestral: of or relating to windows
02728113-a	medicine	filar: related to or having filaments (especially across a field of view as in the eyepiece of a telescope); "a filar eyepiece"
02736983-a	astronomy	graphic: of or relating to the graphic arts; "the etchings, drypoints, lithographs, and engravings which together form his graphic work"- British Book News
02738464-a	anthropology	chasidic, chassidic, hasidic, hassidic: of or relating to the Jewish Hasidim or its members or their beliefs and practices
02741943-a	factotum	hidrotic: of or relating to sweat
02756129-a	animals	living: pertaining to living persons; "within living memory"
02767872-a	factotum	nazarene: of or relating to the town of Nazareth or its inhabitants
02783708-n	factotum	balmoral: a sturdy laced walking shoe
02796042-a	factotum	semiotic, semiotical: of or relating to semiotics; "semiotic analysis"
02803349-n	home	bass: the member with the lowest range of a family of musical instruments
02803809-n	transport	basset horn: a tenor clarinet; pitched in the key of F below the B-flat clarinet
02815135-a	administration geography	tibial: relating to or located near a tibia
02839351-n	fashion	billiard ball: ball used in playing billiards
02876193-n	nautical	bosporus bridge: a suspension bridge across the Bosporus at Istanbul
02878534-n	electronics tourism town_planning transport	boudoir: a lady's bedroom or private sitting room
02893941-n	commerce	bread knife: a knife used to cut bread
02903946-a	administration geography	colloidal: of or relating to or having the properties of a colloid
02904780-a	philosophy	latitudinal: of or relating to latitudes north or south
02906027-n	chemistry	bronx-whitestone bridge: a suspension bridge across the East River in New York City
02907175-a	linguistics	anthropological: of or concerned with the science of anthropology; "anthropological studies"
02907798-a	history	astrophysical: of or concerned with astrophysics; "astrophysical sciences"
02910353-n	gastronomy	buckle: fastener that fastens together two ends of a belt or strap; often has loose prong
02927303-a	linguistics	american: of or relating to or characteristic of the continents and islands of the Americas; "the American hemisphere"; "American flora and fauna"
02944256-n	card	camlet: a fabric of Asian origin; originally made of silk and camel's hair
02965936-n	factotum	carnegie mellon university: an engineering university in Pittsburgh
02974507-a	factotum	operculate, operculated: having an operculum
02980247-a	factotum	rheologic, rheological: of or relating to rheology
03035832-n	medicine	cither, cithern, citole, cittern, gittern: a 16th century musical instrument resembling a guitar with a pear-shaped soundbox and wire strings
03049605-n	computer_science	closet auger: a snake used to unblock toilets
03055670-n	computer_science	coach, coach-and-four, four-in-hand: a carriage pulled by four horses with one driver
03131431-n	music	crew neck, crew neckline: a plain straight neckline opening from shoulder to shoulder of sweaters
03132261-n	publishing	cricket equipment: sports equipment used in playing cricket
03172038-n	military	deflector: a device intended to turn aside the flow of something (water or air or smoke etc)
03213715-n	military transport	distributor housing: the housing that supports the distributor cam
03216199-n	industry	divining rod, dowser, dowsing rod, waterfinder, water finder: forked stick that is said to dip down to indicate underground water or oil
03268553-n	mechanics	elbow: a length of pipe with a sharp bend in it
03283413-n	transport	emesis basin: a basin used by bedridden patients for vomiting
03401721-n	factotum	fuel system: equipment in a motor vehicle or aircraft that delivers fuel to the engine
03453809-n	law	graphic art: the arts of drawing or painting or printmaking
03474467-n	play	hack: a tool (as a hoe or pick or mattock) used for breaking up the surface of the soil
03561345-n	chemistry pharmacy	illustration: a visual representation (a picture or diagram) that is used make some subject more pleasing or easier to understand
03583109-n	factotum	clioquinol, iodochlorhydroxyquin: drug used to treat certain fungal infection (as athlete's foot)
03593222-n	metrology	japan: lacquer with a durable glossy black finish, originally from the orient
03656231-n	telecommunication	length: a section of something that is long and narrow; "a length of timber"; "a length of tubing"
03669886-n	buildings religion town_planning	clipper, limiter: (electronics) a nonlinear electronic circuit whose output is limited in amplitude; used to limit the instantaneous amplitude of a waveform (to clip off the peaks of a waveform); "a limiter introduces amplitude distortion"
03732458-n	buildings	maxi: a long skirt ending below the calf
03733644-n	fashion	measure: a container of some standard capacity that is used to obtain fixed amounts of a substance
03802507-n	tourism town_planning	musnud: a seat with a cushion that is used as a throne by Indian princes
03818629-n	artisanship buildings	neosporin: trade name for a topical drug containing several antibacterials; used as an ointment for skin irritations and in the form of eyedrops for minor eye infections
03832973-n	industry	notions counter: counter where notions are sold
03855464-n	chemistry pharmacy	oriflamme: a red or orange-red flag used as a standard by early French kings
03936269-n	military	pile, piling, spile, stilt: a column of wood or steel or concrete that is driven into the ground to provide support for a structure
03959014-n	history military	plastron: a metal breastplate that was worn under a coat of mail
03996145-n	industry	power saw, saw, sawing machine: a power tool for cutting wood
04004767-n	fashion	printer: (computer science) an output device that prints the results of data processing
04076533-n	optics	replica, replication, reproduction: copy that is not the original; something that has been copied
04105438-n	mechanics	roof: protective covering on top of a motor vehicle
04161010-n	card	searing iron: a hot iron used to destroy tissue
04166111-n	factotum	security system: (computing) a system that enforces boundaries between computer networks
04171373-n	music	semi-abstraction: a semiabstract painting
04226962-n	transport	skep: a domed beehive made of twisted straw
04255163-n	factotum	socket: receptacle where something (a pipe or probe or end of a bone) is inserted
04261281-n	buildings	souk: an open-air market in an Arabian city
04270765-n	home	speaking tube: a tube for conveying the sound of a voice from one room to another
04282379-n	nautical	spline: a flexible strip (wood or rubber) used in drawing curved lines
04329190-n	military	depot, entrepot, storage, store, storehouse: a depository for goods; "storehouses were built close to the docks"
04435180-n	furniture	tile: a flat thin rectangular slab (as of fired clay or rubber or linoleum) used to cover surfaces
04493259-n	factotum	t-square: a square used by draftsmen to draw parallel lines
04526964-n	factotum	ventilator: a device (such as a fan) that introduces fresh air or expels foul air
04560619-n	buildings	water jacket: a container filled with water that surrounds a machine to cool it; especially that surrounding the cylinder block of an engine
04590129-n	factotum	window shade: an opaque window blind that can cover or uncover a window
04613350-n	factotum	yoke: support consisting of a wooden frame across the shoulders that enables a person to carry buckets hanging from each end
04684654-n	biology	exquisiteness: extreme beauty of a delicate sort
04687333-n	chemistry	appeal, appealingness, charm: attractiveness that interests or pleases or stimulates; "his smile was part of his appeal to her"
04729984-n	music	loftiness, majesty, stateliness: impressiveness in scale or proportion
04737743-n	factotum	progressiveness, progressivity: advancement toward better conditions or policies or methods
04780396-n	factotum	unpalatability, unpalatableness: the property of being unacceptable to the mind; "the policy's unpalatability caused an uproar"
04788159-n	factotum	coyness, demureness: the affectation of being demure in a provocative way
04848866-n	factotum	religiousness: the quality of being extremely conscientious; "his care in observing the rules of good health amounted to a kind of religiousness"
04849074-n	factotum	unconscientiousness: the quality of being willing to ignore the dictates of conscience
04909721-n	factotum	prankishness, rascality, roguishness: the trait of indulging in disreputable pranks
04935003-n	anatomy	viscosity, viscousness: resistance of a liquid to shear forces (and hence to flow)
04960729-n	anatomy	white, whiteness: the quality or state of the achromatic color of greatest lightness (bearing the least resemblance to black)
04961691-n	medicine	gray, grayness, grey, greyness: a neutral achromatic color midway between white and black
04987620-n	anatomy	quality, timber, timbre, tone: (music) the distinctive property of a complex sound (a voice or noise or musical sound); "the timbre of her soprano was rich and lovely"; "the muffled tones of the broken bell summoned them to meet"
05020225-n	anatomy	magnetisation, magnetization: the physical property of being magnetic
05047059-n	anatomy	lateness: quality of coming late or later in time
05127640-n	biology	latitude: scope for freedom of e.g. action or thought; freedom from restriction
05185444-n	anatomy	right to an attorney: a civil right guaranteed by the 6th amendment to the US Constitution
05229805-n	anatomy	germ: a small apparently simple structure (as a fertilized egg) from which new tissue can develop into a complete organism
05236582-n	anatomy	aortic plexus: a plexus of lymph nodes in the lower portion of the abdominal aorta
05264545-n	anatomy	fundus: (anatomy) the base of a hollow organ or that part of the organ farthest from its opening; "the uterine fundus"; "the fundus of the stomach"
05273555-n	anatomy person	cartilage bone: any bone that develops within cartilage rather than a fibrous tissue
05296127-n	factotum	perimysium: the sheath of connective tissue that covers a bundle of muscle fibers
05313344-n	art	ciliary body: the part of the tunic of the eye between the choroid coat and the iris; "the ciliary body produces aqueous humor"
05319760-n	religion	intima: the innermost membrane of an organ (especially the inner lining of an artery or vein or lymphatic vessel)
05346406-n	psychology	arteria glutes, gluteal artery: branches of the internal iliac artery that supply the hip joint and gluteal region
05386139-n	food	haversian canal: any of the many tiny canals that contain blood vessels and connective tissue and that form a network in bone
05387842-n	acoustics	alveolar bed: lung tissue densely packed with alveoli
05469664-n	factotum	proprioceptor: special nerve endings in the muscles and tendons and other organs that respond to stimuli regarding the position and movement of the body
05507427-n	factotum	lumbosacral plexus: a nerve plexus formed by the ventral divisions of the coccygeal and sacral and lumbar nerves; supplies the lower limbs and perineum and coccygeal area
05513807-n	factotum	male reproductive system: the reproductive system of males
05524062-n	mathematics	cervical glands, cervical glands of the uterus, glandulae cervicales uteri: mucus-secreting glands in the mucosa of the uterine cervix
05600431-n	religion	naris: any of the openings to the nasal cavities that allow air to flow through the cavities to the pharynx
05643722-n	economy	housecraft: skill in domestic management
05668915-n	mathematics	protocol: code of correct conduct; "safety protocols"; "academic protocol"
05677504-n	mathematics	sense: a general conscious awareness; "a sense of security"; "a sense of happiness"; "a sense of danger"; "a sense of self"
05804136-n	acoustics	guesstimate, guestimate: an estimate that combines reasoning with guessing
05842706-n	politics	romanesque, romanesque architecture: a style of architecture developed in Italy and western Europe between the Roman and the Gothic styles after 1000 AD; characterized by round arches and vaults and by the substitution of piers for columns and profuse ornament and arcades
05856217-n	religion	zero, zero point: the point on a scale from which positive or negative numerical quantities can be measured
05866489-n	factotum	chaotic attractor, strange attractor: an attractor for which the approach to its final point in phase space is chaotic
05897553-n	computer_science	apparition, fantasm, phantasm, phantasma, phantom, shadow: something existing in perception only; "a ghostly apparition at midnight"
05984066-n	literature	point: the object of an activity; "what is the point of discussing it?"
05987835-n	literature	edification, sophistication: uplifting enlightenment
06010737-n	literature	space-time, space-time continuum: the four-dimensional coordinate system (3 dimensions of space and 1 of time) in which physical events are located
06063072-n	religion	serology: the branch of medical science that deals with serums; especially with blood serums and disease
06169667-n	computer_science	comparative literature: study of literary works from different cultures (often in translation)
06169806-n	computer_science	lit crit, literary criticism: the informed analysis and evaluation of literature
06171265-n	computer_science	dialectology: the branch of philology that is devoted to the study of dialects
06267655-n	graphic_arts	gazette: a newspaper or official journal
06341862-n	factotum	senor: a Spanish title or form of address for a man; similar to the English `Mr' or `sir'
06347122-n	factotum	mistranslation: an incorrect translation
06413260-n	factotum	pop-up, pop-up book: a book (usually for children) that contains one or more pages such that a three-dimensional structure rises up when a page is opened
06420219-n	linguistics	unabridged, unabridged dictionary: a dictionary that has not been shortened by the omitting terms or definitions; a comprehensive dictionary
06423378-n	linguistics	itinerary, travel guidebook: a guidebook for travelers
06500765-n	linguistics	finger alphabet, manual alphabet: an alphabet used by the deaf; letters are represented by finger positions
06523641-n	linguistics	insurance, insurance policy, policy: written contract or certificate of insurance; "you should have read the small print on your policy"
06537323-n	linguistics	bill of attainder: a legislative act finding a person guilty of treason or felony without a trial; "bills of attainder are prohibited by the Constitution of the United States"
06596364-n	linguistics music	comic book: a magazine devoted to comic strips
06618549-n	music	jump cut: an immediate transition from one scene to another
06664594-n	literature	canon: a rule or especially body of rules or principles generally established as valid and fundamental in a field or art or philosophy; "the neoclassical canon"; "canons of polite society"
06701596-n	factotum	master of education, med: a master's degree in education
06728726-n	factotum	fourteenth amendment: an amendment to the Constitution of the United States adopted in 1868; extends the guarantees of the Bill of Rights to the states as well as to the federal government
06802258-n	factotum	hairline: a very thin line
06816445-n	factotum	choreography: a notation used by choreographers
06831712-n	music	f: the 6th letter of the Roman alphabet
06832356-n	linguistics	l: the 12th letter of the Roman alphabet
06857591-n	factotum	roulade: (music) an elaborate run of several notes sung to one syllable
06872562-n	factotum	baritone, baritone voice: the second lowest adult male singing voice
06888944-n	factotum	sight: anything that is seen; "he was a familiar sight on the television"; "they went to Paris to see the sights"
06898052-n	factotum	solresol: an artificial language
06972558-n	factotum	shina: a Dardic language spoken in northern Kashmir
06979853-n	factotum	badaga: the dialect of Kannada that is spoken by the Badaga
06994700-n	free_time sociology	xhosa: a Bantu language closely related to Zulu
07031401-n	psychological_features sexuality	secondo: the second or lower part of a duet (especially a piano duet)
07035153-n	psychological_features sexuality	gregorian chant, plainchant, plainsong: a liturgical chant of the Roman Catholic Church
07035305-n	psychological_features	cantus firmus: a melody used as the basis for a polyphonic composition
07053732-n	psychological_features	serenade: a song characteristically played outside the house of a woman
07099844-n	gastronomy	epanodos: repetition of a group of words in reverse order
07126228-n	chemistry gastronomy	expletive: a word or phrase conveying no independent meaning but added to fill out a sentence or metrical line
07206887-n	chemistry gastronomy	contradiction, contradiction in terms: (logic) a statement that is necessarily false; "the statement `he is brave and he is not brave' is a contradiction"
07276242-n	chemistry gastronomy plants	system command: a computer user's instruction (not part of a program) that calls for action by the computer's executive program
07286278-n	chemistry gastronomy plants	war cloud: an ominous sign that war threatens
07294699-n	chemistry gastronomy plants	sequella: a secondary consequence
07341038-n	gastronomy	cycle, oscillation: a single complete execution of a periodically repeated phenomenon; "a year constitutes a cycle of the seasons"
07341665-n	food plants	carnot cycle, carnot's ideal cycle: a cycle (of expansion and compression) of an idealized reversible heat engine that does work without loss of heat
07343574-n	gastronomy	atavism, reversion, throwback: a reappearance of an earlier characteristic
07397355-n	gastronomy	thunder: a booming or crashing noise caused by air expanding along the path of a bolt of lightning
07420217-n	chemistry food	resolution: the subsidence of swelling or other signs of inflammation (especially in a lung)
07474809-n	factotum	grand slam: winning all of the tricks in a hand of bridge
07524529-n	food	care, concern, fear: an anxious feeling; "care had aged him"; "they hushed it up out of fear of public reaction"
07573103-n	enterprise publishing	canned meat, tinned meat: meat preserved in a can or tin
07585758-n	enterprise	gazpacho: a soup made with chopped tomatoes and onions and cucumbers and peppers and herbs; served cold
07586718-n	sport	pepper pot, philadelphia pepper pot: a soup made with vegetables and tripe and seasoned with peppercorns; often contains dumplings
07605198-n	religion	dragee: sugar-coated nut or fruit piece
07617344-n	biology	flummery: a bland custard or pudding especially of oatmeal
07641380-n	administration pedagogy politics	german pancake, pfannkuchen: puffy mildly sweet lemon-flavored egg mixture sprinkled with confectioners' sugar and served with jam or a wine or fruit sauce
07659425-n	religion	pin bone: part of the sirloin between the flat bone and the porterhouse
07754894-n	factotum	cacao bean, cocoa bean: seed of the cacao tree; ground roasted beans are source of chocolate
07760297-n	history politics	ribier: dark reddish-purple table grape of California
07812184-n	factotum	spice: any of a variety of pungent aromatic vegetable substances used for flavoring food
07826091-n	law	tabasco, tabasco sauce: very spicy sauce (trade name Tabasco) made from fully-aged red peppers
07848338-n	enterprise tourism	butter: an edible emulsion of fat globules made by churning milk or cream; for cooking and table use
07857076-n	economy	garlic butter: butter seasoned with mashed garlic
07878785-n	heraldry sociology	hot stuffed tomato, stuffed tomato: tomato cases filled with various mixtures and baked briefly
07942152-n	law	people: (plural) any group of human beings (men or women or children) collectively; "old people"; "there were at least 200 people in the audience"
07976069-n	geography	carload: a gathering of passengers sufficient to fill an automobile
08168978-n	geography	body politic, commonwealth, country, land, nation, res publica, state: a politically organized body of people under a single government; "the state has elected a new president"; "African nations"; "students who had come to the nation's capitol"; "the country's largest manufacturer"; "an industrialized land"
08289089-n	geography	youth culture: young adults (a generational unit) considered as a cultural class or subculture
08311282-n	geography	city council: a municipal body that can pass ordinances and appropriate funds etc.
08375526-n	geography	lobby, pressure group, third house: a group of people who try actively to influence legislation
08388074-n	geography	few: a small elite group; "it was designed for the discriminating few"
08390374-n	geography	paratroops: infantry trained and equipped to parachute
08408115-n	geography	peepshow, raree-show: an exhibition of pictures or objects viewed through a small hole or magnifying glass
08486075-n	geography	william and mary: joint monarchs of England; William III and Mary II
08501275-n	geography	heliopause: the boundary marking the edge of the sun's influence; the boundary (roughly 100 AU from the sun) between the interplanetary medium and the interstellar medium; where the solar wind from the sun and the radiation from other stars meet
08511241-n	geography	bottom, underside, undersurface: the lower side of anything
08514865-n	administration geography nautical	fence line: a boundary line created by a fence
08541609-n	geography	commune: the smallest administrative district of several European countries
08550862-n	geography	archdiocese: the diocese of an archbishop
08602822-n	geography geology	big bend national park: a large national park in Texas featuring mountains and desert and canyons and wildlife
08719892-n	geography geology	eelam, tamil eelam: the independent state that the Tamil Tigers have fought for
08722844-n	geography geology	manchuria: a region in northeastern China
08724726-n	factotum	beijing, capital of red china, peiping, peking: capital of the People's Republic of China in the Hebei province in northeastern China; 2nd largest Chinese city
08839714-n	factotum	kwajalein: an atoll in the western Marshall Islands that was used as a Japanese air and naval base during World War II
08929722-n	mythology	gallia, gaul: an ancient region of western Europe that included what is now northern Italy and France and Belgium and part of Germany and the Netherlands
08935848-n	person	dijon: an industrial city in eastern France to the north of Lyons
08950035-n	mythology	apeldoorn: a city of east central Netherlands; a popular tourist center and site of the summer residence of the Dutch royal family
08952190-n	mythology	hungary, magyarorszag, republic of hungary: a republic in central Europe
08970445-n	mythology	capital of morocco, rabat: the capital of Morocco; located in the northwestern on the Atlantic coast
08982587-n	factotum	poland, polska, republic of poland: a republic in central Europe; the invasion of Poland by Germany in 1939 started World War II
08992067-n	mythology pedagogy	pago pago, pango pango: a port in American Samoa
08999154-n	literature	horn of africa, somali peninsula: a peninsula of northeastern Africa (the easternmost part of Africa) comprising Somalia and Djibouti and Eritrea and parts of Ethiopia
09031653-n	anthropology	schweiz, suisse, svizzera, swiss confederation, switzerland: a landlocked federal republic in central Europe
09084196-n	geography	rockford: a city in northern Illinois
09108884-n	anthropology geography	butte: a town in southwestern Montana; center for mining copper
09180616-n	person	abience: (psychology) an urge to withdraw or avoid a situation or an object
09216442-n	military	bay of bengal: an arm of the Indian Ocean to the east of India
09227428-n	biology	bottom, bottomland: low-lying alluvial land near a river
09265620-n	music	declension, declination, decline, declivity, descent, downslope, fall: a downward slope or bend
09327201-n	aviation nautical	korea bay: an inlet of the Yellow Sea between the Liaodong Peninsula in China and western Korea
09352108-n	administration law	mesabi range: a range of hills in northeastern Minnesota where rich iron ore deposits were discovered in 1887
09391996-n	person	pike's peak: a mountain peak in the Rockies in central Colorado (14,109 feet high)
09433721-n	factotum	shore boulder: a boulder found on a shore remote from its place of origin
09495732-n	person	euphrosyne: (Greek mythology) one of the three Graces
09533668-n	buildings	heavenly jewel, tien-pao: a member of the Taoist Trinity
09537781-n	humanities	holy ghost, holy spirit, paraclete: the third person in the Trinity; Jesus promised the Apostles that he would send the Holy Spirit after his Crucifixion and Resurrection; it came on Pentecost
09600901-n	football	kilroy: a nonexistent person popularized by American servicemen during World War II; "Kilroy was here"
09625309-n	economy	naprapath: a therapist who practices naprapathy
09637211-n	factotum	black man: a man who is Black
09655018-n	banking money	erie: a member of an Iroquoian people formerly living on the south shore of Lake Erie in northern Ohio and northwest Pennsylvania and western New York
09665897-n	anthropology	pima: a member of the North American Indian people living in southern Arizona and northern Mexico
09711435-n	factotum	laconian: a resident of Laconia
09714694-n	person	iraki, iraqi: a native or inhabitant of Iraq; "the majority of Iraqi are Arab Shiite Muslims although Sunni Muslims control the government"
09722399-n	photography	mauritanian: a native or inhabitant of Mauritania
09832873-n	baseball play	bahai: a teacher of or believer in Bahaism
09840871-n	administration person	barrater, barrator: someone guilty of barratry
09848916-n	literature	bell captain: the supervisor of bellboys in a hotel
09863339-n	literature	boffin: (British slang) a scientist or technician engaged in military research
09901337-n	commerce	catechist: one who instructs catechumens in preparation for baptism (especially one using a catechism)
09934213-n	person	co-ed, college girl: a female student at a coeducational college or university
09950457-n	person	compulsive: a person with a compulsive disposition; someone who feels compelled to do certain things
09960001-n	factotum	consumptive, lunger, tubercular: a person with pulmonary tuberculosis
09965625-n	law	corespondent, co-respondent: the codefendant charged with adultery with the estranged spouse in a divorce proceeding
09967555-n	person	cossack: a member of a Slavic people living in southern European Russia and Ukraine and adjacent parts of Asia and noted for their horsemanship and military skill; they formed an elite cavalry corps in czarist Russia
10009276-n	geography history	detective, investigator, police detective, tec: a police officer who investigates crimes
10026763-n	religion	doorkeeper, ostiarius, ostiary: the lowest of the minor Holy Orders in the unreformed Western Church but now suppressed by the Roman Catholic Church
10034785-n	history	driveller, jabberer: someone whose talk is trivial drivel
10069645-n	military	executive, executive director: a person responsible for the administration of a business
10081842-n	factotum	father-figure: a man (often a powerful or influential man) who arouses emotions usually felt for your real father and with whom you identify psychologically
10118587-n	literature	galvaniser, galvanizer: a skilled worker who coats iron or steel with zinc
10142946-n	chemistry	grandmaster: a player of exceptional or world class skill in chess or bridge
10188226-n	person religion	cat burglar, housebreaker: a burglar who unlawfully breaks into and enters another person's house
10189179-n	painting	house painter: a painter of houses a similar buildings
10241024-n	physics	birthing coach, doula, labor coach, monitrice: an assistant (often the father of the soon-to-be-born child) who provides support for a woman in labor by encouraging her to use techniques learned in childbirth-preparation classes
10327143-n	history person	molecular biologist: a biologist who studies the structure and activity of macromolecules essential to life
10352208-n	history religion	negotiatress, negotiatrix: a woman negotiator
10363360-n	history religion	noticer: someone who gives formal notice
10441694-n	physics	pledger: someone who makes or gives a pledge
10453265-n	architecture painting	poor devil, wretch: someone you feel sorry for
10462429-n	history person	ball of fire, fireball, human dynamo, powerhouse: a highly energetic and indefatigable person
10465922-n	anthropology	presbyterian: a follower of Calvinism as taught in the Presbyterian Church
10468962-n	music	chair, chairman, chairperson, chairwoman, president: the officer who presides at the meetings of an organization; "address your remarks to the chairperson"
10505347-n	heraldry	rainmaker: American Indian medicine man who attempt to make it rain
10518602-n	religion school	religious: a member of a religious order who is bound by vows of poverty and chastity and obedience
10574425-n	history military politics	section man: someone who teaches a section of a large college course
10574723-n	medicine	gravida ii, secundigravida: a woman who is pregnant for the second time
10586557-n	architecture	shark: a person who is unusually skilled in certain ways; "a card shark"
10587227-n	politics	shearer: a workman who uses shears to cut leather or metal or textiles
10593618-n	art	shoveler, shoveller: a worker who shovels; "a shoveler of coal"
10594147-n	literature	shrew, termagant: a scolding nagging bad-tempered woman
10608073-n	animals biology	skycap: a porter who helps passengers with their baggage at an airport
10639238-n	music theatre	sport, summercater: (Maine colloquial) a temporary summer resident of Maine
10640327-n	literature	spotter: a worker employed at a dry-cleaning establishment to remove spots
10646032-n	literature	stainer: a worker who stains (wood or fabric)
10772289-n	electricity	webmaster: a technician who designs or maintains a website
10855834-n	biology plants	boltzmann, ludwig boltzmann: Austrian physicist who contributed to the kinetic theory of gases (1844-1906)
10864428-n	buildings plants	brinton, daniel garrison brinton: United States anthropologist who was the first to attempt a systematic classification of Native American languages (1837-1899)
10891428-n	biology plants	cattell, james mckeen cattell: American psychologist and editor (1860-1944)
10991415-n	biology plants	david garrick, garrick: English actor and theater manager who was the foremost Shakespearean actor of his day (1717-1779)
11021667-n	plants	ernst heinrich haeckel, haeckel: German biologist and philosopher; advocated Darwinism and formulated the theory of recapitulation; was an exponent of materialistic monism (1834-1919)
11027416-n	biology plants	hancock, john hancock: American revolutionary patriot who was president of the Continental Congress; was the first signer of the Declaration of Independence (1737-1793)
11052186-n	biology plants	harold hirschsprung, hirschsprung: Danish pediatrician (1830-1916)
11112377-n	biology plants	kubrick, stanley kubrick: United States filmmaker (born in 1928)
11112488-n	biology plants	kuhn, richard kuhn: Austrian chemist who did research on carotenoids and vitamins (1900-1967)
11141981-n	biology plants	lovell, sir alfred charles bernard lovell, sir bernard lovell: English astronomer who pioneered radio astronomy (born in 1913)
11248232-n	biology plants	augustus welby northmore pugin, pugin: English architect who played a prominent role in the 19th century revival of Gothic architecture (1812-1852)
11251788-n	biology plants	jean baptiste racine, jean racine, racine: French advocate of Jansenism; tragedian who based his works on Greek and Roman themes (1639-1699)
11281837-n	biology plants	john singer sargent, sargent: United States painter (born in Italy) known for his society portraits (1856-1925)
11345017-n	plants	alice b. toklas, toklas: United States writer remembered as the secretary and companion of Gertrude Stein (1877-1967)
11363657-n	biology plants	paul vernier, vernier: French mathematician who described the vernier scale (1580-1637)
11367436-n	plants	publius vergilius maro, vergil, virgil: a Roman poet; author of the epic poem `Aeneid' (70-19 BC)
11401194-n	biology plants	xenophanes: Greek philosopher (560-478 BC)
11486049-n	biology	ion beam, ionic beam: a beam of ions moving in the same direction at the same speed
11492014-n	biology plants	polarisation, polarization: the phenomenon in which waves of light or other radiation are restricted in direction of vibration
11533622-n	biology plants	apothecium: a cuplike ascocarp in many lichens and ascomycetous fungi
11643506-n	biology plants	citronwood, sandarac: durable fragrant wood; used in building (as in the roof of the cathedral at Cordova, Spain)
11654984-n	plants	common sickle pine, falcatifolium falciforme: small tropical rain forest tree of Indonesia and Malaysia
11816829-n	buildings plants	bladder campion, silene uniflora, silene vulgaris: perennial of Arctic Europe having large white flowers with inflated calyx
11896904-n	chemistry food	genus sisymbrium: genus of Old World annual or biennial or perennial herbs with racemose flowers; many are considered to be weeds
11951820-n	buildings plants	chrysopsis mariana, maryland golden aster: perennial golden aster of southeastern United States
11989636-n	biology plants	genus leucanthemum, leucanthemum: comprises plants often included in the genus Chrysanthemum
11999140-n	biology plants	genus othonna: genus of western African herbs or shrubs
12060546-n	plants	eburophyton austinae, phantom orchid, snow orchid: waxy white nearly leafless plant with stems in clusters and racemes of white flowers; northwestern United States to northern California and east to Idaho
12084158-n	biology plants	hooded ladies' tresses, spiranthes romanzoffiana: orchid having dense clusters of gently spiraling creamy white flowers with 2 upper petals forming a hood; western North America
12104238-n	biology plants	tallgrass, tall-grass: any of various grasses that are tall and that flourish with abundant moisture
12144580-n	biology plants	corn: the dried grains or kernels or corn used as animal feed or ground for meal
12161577-n	plants	buttercup squash: plant bearing somewhat drum-shaped fruit having dark green rind with greyish markings
12163456-n	biology plants	bryonia dioica, red bryony, wild hop: bryony having fleshy roots pale green flowers and very small red berries; Europe; North Africa; western Asia
12304572-n	biology plants	flowering ash, fraxinus dipetala: shrubby California ash with showy off-white flowers
12323820-n	biology plants	genus combretum: type genus of the Combretaceae: tropical and subtropical small shrubs and trees
12327528-n	biology plants	anchovy pear, anchovy pear tree, grias cauliflora: West Indian tree bearing edible fruit resembling mango
12351091-n	plants	achira, arrowroot, canna edulis, canna indica, indian shot: canna grown especially for its edible rootstock from which arrowroot starch is obtained
12468719-n	biology plants	dwarf-white trillium, early wake-robin, snow trillium: a low perennial white-flowered trillium found in the southeastern United States
12521186-n	economy	cytisus albus, cytisus multiflorus, white broom, white spanish broom: low European broom having trifoliate leaves and yellowish-white flowers
12531328-n	finance	chanal, chanar, geoffroea decorticans: thorny shrub or small tree common in central Argentina having small orange or yellow flowers followed by edible berries
12580204-n	exchange	genus wisteria: Asiatic deciduous woody vine having large drooping racemes of white or bluish or purple or pinkish flowers and velvety pods; widely grown as an ornamental
12582231-n	administration exchange law	palm, palm tree: any plant of the family Palmae having an unbranched trunk crowned by large pinnate or palmate leaves
12590842-n	insurance	euterpe, genus euterpe: a monocotyledonous genus of graceful palm trees in tropical America
12605315-n	economy	family xyridaceae, xyridaceae, yellow-eyed grass family: plants of tropical to temperate regions; usually in wet places
12613596-n	factotum	genus hydrilla: one species
12623368-n	administration economy	amelanchier, genus amelanchier: North American deciduous trees or shrubs
12667582-n	chemistry	genipa americana, genipap fruit, jagua, marmalade box: tree of the West Indies and northern South America bearing succulent edible orange-sized fruit
12879068-n	metrology	aureolaria virginica, false foxglove, gerardia virginica: sparsely branched North American perennial with terminal racemes of bright yellow flowers resembling those of the foxglove; sometimes placed in genus Gerardia
12883395-n	metrology	genus gerardia: genus of annual or perennial herbs with showy pink or purple or yellow flowers; plants often assigned to genera Aureolaria or Agalinis
12889219-n	factotum	moth mullein, verbascum blattaria: European mullein with smooth leaves and large yellow or purplish flowers; naturalized as a weed in North America
12900462-n	metrology money	capsicum, capsicum pepper plant, pepper: any of various tropical plants of the genus Capsicum bearing peppers
12967124-n	number	genus rosellinia, rosellinia: fungi having smooth perithecia with dark one-celled ascospores
12986337-n	factotum	genus hydnum, hydnum: type genus of Hydnaceae
13031474-n	factotum	jafnea semitosta: the fruiting bodies of this discomycete have a firm texture and long retain their cup shape; the pale brown interior blends with the color of dead leaves
13083461-n	transport	bedder, bedding plant: an ornamental plant suitable for planting in a flowerbed
13086556-n	factotum	field crop: a crop (other than fruits or vegetables) that is grown for agricultural purposes; "cotton, hay, and grain are field crops"
13094273-n	factotum	sorus: a spore-producing structure in certain lichens and fungi
13124019-n	geometry	rupestral plant, rupestrine plant, rupicolous plant, saxicolous plant: plants growing among rocks
13130014-n	factotum	cladode, cladophyll, phylloclad, phylloclade: a flattened stem resembling and functioning as a leaf
13158815-n	sociology	oblanceolate leaf: a leaf having a rounded apex and tapering base
13215063-n	animals	genus marattia, marattia: type genus of the Marattiaceae: ferns having the sporangia fused together in two rows
13222985-n	physiology	alpine clubmoss, lycopodium alpinum: a variety of club moss
13273836-n	medicine	dividend: a bonus; something extra (especially a share of a surplus)
13325010-n	medicine	charge per unit, rate: amount of a charge or payment relative to some basis; "a 10-minute phone call at that rate would cost $5"
13325505-n	medicine	surcharge: an additional charge (as for items previously omitted or as a penalty for failure to exercise common caution or common skill)
13326198-n	medicine	freight, freightage, freight rate: the charge for transporting something by common carrier; "we pay the freight"; "the freight rate is usually cheaper"
13334307-n	medicine	stockholding: ownership of stocks; the state or fact of holding stock; "prohibition of unrestricted intercorporate stockholding"- W.Z.Ripley
13438671-n	medicine	biochemical mechanism: a chemical mechanism involved in vital processes occurring in living organisms
13496017-n	medicine	imbibition: (chemistry) the absorption of a liquid by a solid or gel
13502205-n	medicine	inversion: a chemical process in which the direction of optical rotation of a substance is reversed from dextrorotatory to levorotary or vice versa
13504947-n	medicine	karyolysis: disintegration and dissolution of a cell nucleus when a cell dies
13542474-n	medicine	prophase: the first stage of meiosis
13543564-n	medicine	psychosexual development: (psychoanalysis) the process during which personality and sexual behavior mature through a series of stages: first oral stage and then anal stage and then phallic stage and then latency stage and finally genital stage
13570472-n	psychiatry	tripling: increase by a factor of three
13620871-n	sociology	bushel: a United States dry measure equal to 4 pecks or 2152.42 cubic inches
13666790-n	finance	bolivar: the basic unit of money in Venezuela; equal to 100 centimos
13691764-n	town_planning	colombian peso, peso: the basic unit of money in Colombia; equal to 100 centavos
13692559-n	factotum	guinea-bissau peso, peso: the basic unit of money in Guinea-Bissau; equal to 100 centavos
13699313-n	factotum	armenian monetary unit: monetary unit in Armenia
13702396-n	money tax	tajikistani monetary unit: monetary unit in Tajikistan
13706993-n	factotum	tanzanian monetary unit: monetary unit in Tanzania
13770635-n	chemistry	teacup, teacupful: as much as a teacup will hold
13777211-n	chemistry	small fortune: a large sum of money; "he made a small fortune in the commodities market"
13823287-n	geology	fuel consumption rate, gas mileage, gasoline mileage, mileage: the ratio of the number of miles traveled to the number of gallons of gasoline burned
13846199-n	chemistry	first, number one: the first or highest in an ordering or series; "He wanted to be the first"
13880704-n	biology chemistry color	scalene triangle: a triangle with no two sides of equal length
13900914-n	chemistry	columella: a small column (or structure resembling a column) that is a part of a plant or animal
13920835-n	animals	condition, status: a state at a particular time; "a condition (or state) of disrepair"; "the current status of the arms negotiations"
13943400-n	chemistry	case, event: a special set of circumstances; "in that event, the first possibility is excluded"; "it may rain in which case the picnic will be canceled"
13947867-n	chemistry	place: proper or appropriate position or location; "a woman's place is no longer in the kitchen"
14048441-n	chemistry	childbed, confinement, labor, labour, lying-in, parturiency, travail: concluding state of pregnancy; from the onset of contractions to the birth of a child; "she was in labor for six hours"
14084709-n	geology	alcaptonuria, alkaptonuria: a rare recessive metabolic anomaly marked by ochronosis and the presence of alkapton in the urine
14095273-n	military physics	flaccid paralysis: weakness or loss of muscle tone resulting from injury or disease of the nerves innervating the muscles
14106609-n	military physics	aortic stenosis: abnormal narrowing of the aortic valve
14110219-n	chemistry military physics	bacteremia, bacteriaemia, bacteriemia: transient presence of bacteria (or other microorganisms) in the blood
14173823-n	chemistry	peritonsillar abscess, quinsy: a painful pus filled inflammation of the tonsils and surrounding tissues; usually a complication of tonsillitis
14233267-n	geology	xanthoma: a skin problem marked by the development (on the eyelids and neck and back) of irregular yellow nodules; sometimes attributable to disturbances of cholesterol metabolism
14237032-n	biology chemistry gastronomy	glioma: a tumor of the brain consisting of neuroglia
14324274-n	religion	agony, excruciation, suffering: a state of acute pain
14333863-n	religion	papule: a small inflamed elevation of skin that is nonsuppurative (as in chicken pox)
14343411-n	time_period	cerebromeningitis, encephalomeningitis, meningoencephalitis: inflammation of the brain and spinal cord and their meninges
14415518-n	metrology transport	detachment, insularism, insularity, insulation: the state of being isolated or detached; "the insulation of England was preserved by the English Channel"
14427065-n	time_period	childhood, puerility: the state of a child between infancy and adolescence
